numero,soh,impedancia
2,0.340149,0.170307
3,0.36167,0.1692331
6,0.345978,0.1528916
7,0.339422,0.1690303
10,0.340374,0.136096
12,0.335763,0.1105963
17,0.333173,0.1158241
20,0.344466,0.201654
22,0.362929,0.1003077
24,0.334309,0.1195215
27,0.354084,0.219561
28,0.369454,0.1253864
29,0.337994,0.1004127
31,0.348332,0.1179951
33,0.334904,0.1384966
34,0.367375,0.1390465
35,0.340035,0.1623621
36,0.339868,0.1136042
